id,nome,tipos,altura,peso,qtde_movimentos
1,bulbasaur,"grass,poison",7,69,86
2,ivysaur,"grass,poison",10,130,83
3,venusaur,"grass,poison",20,1000,96
4,charmander,fire,6,85,105
5,charmeleon,fire,11,190,103
6,charizard,"fire,flying",17,905,131
7,squirtle,water,5,90,106
8,wartortle,water,10,225,101
9,blastoise,water,16,855,120
10,caterpie,bug,3,29,5
11,metapod,bug,7,99,5
12,butterfree,"bug,flying",11,320,86
13,weedle,"bug,poison",3,32,4
14,kakuna,"bug,poison",6,100,5
15,beedrill,"bug,poison",10,295,82
16,pidgey,"normal,flying",3,18,64
17,pidgeotto,"normal,flying",11,300,60
18,pidgeot,"normal,flying",15,395,63
19,rattata,normal,3,35,82
20,raticate,normal,7,185,84
21,spearow,"normal,flying",3,20,69
22,fearow,"normal,flying",12,380,69
23,ekans,poison,20,69,95
24,arbok,poison,35,650,101
25,pikachu,electric,4,60,105
26,raichu,electric,8,300,109
27,sandshrew,ground,6,120,99
28,sandslash,ground,10,295,103
29,nidoran-f,poison,4,70,78
30,nidorina,poison,8,200,77
31,nidoqueen,"poison,ground",13,600,133
32,nidoran-m,poison,5,90,80
33,nidorino,poison,9,195,76
34,nidoking,"poison,ground",14,620,134
35,clefairy,fairy,6,75,161
36,clefable,fairy,13,400,163
37,vulpix,fire,6,99,88
38,ninetales,fire,11,199,98
39,jigglypuff,"normal,fairy",5,55,148
40,wigglytuff,"normal,fairy",10,120,153
41,zubat,"poison,flying",8,75,83
42,golbat,"poison,flying",16,550,84
43,oddish,"grass,poison",5,54,74
44,gloom,"grass,poison",8,86,78
45,vileplume,"grass,poison",12,186,86
46,paras,"bug,grass",3,54,86
47,parasect,"bug,grass",10,295,80
48,venonat,"bug,poison",10,300,74
49,venomoth,"bug,poison",15,125,92
50,diglett,ground,2,8,82
51,dugtrio,ground,7,333,83
52,meowth,normal,4,42,109
53,persian,normal,10,320,110
54,psyduck,water,8,196,120
55,golduck,water,17,766,123
56,mankey,fighting,5,280,118
57,primeape,fighting,10,320,115
58,growlithe,fire,7,190,81
59,arcanine,fire,19,1550,90
60,poliwag,water,6,124,77
61,poliwhirl,water,10,200,91
62,poliwrath,"water,fighting",13,540,116
63,abra,psychic,9,195,96
64,kadabra,psychic,13,565,103
65,alakazam,psychic,15,480,111
66,machop,fighting,8,195,99
67,machoke,fighting,15,705,94
68,machamp,fighting,16,1300,105
69,bellsprout,"grass,poison",7,40,80
70,weepinbell,"grass,poison",10,64,82
71,victreebel,"grass,poison",17,155,89
72,tentacool,"water,poison",9,455,92
73,tentacruel,"water,poison",16,550,100
74,geodude,"rock,ground",4,200,86
75,graveler,"rock,ground",10,1050,90
76,golem,"rock,ground",14,3000,96
77,ponyta,fire,10,300,68
78,rapidash,fire,17,950,78
79,slowpoke,"water,psychic",12,360,114
80,slowbro,"water,psychic",16,785,135
81,magnemite,"electric,steel",3,60,74
82,magneton,"electric,steel",10,600,77
83,farfetchd,"normal,flying",8,150,95
84,doduo,"normal,flying",14,392,78
85,dodrio,"normal,flying",18,852,86
86,seel,water,11,900,87
87,dewgong,"water,ice",17,1200,93
88,grimer,poison,9,300,94
89,muk,poison,12,300,103
90,shellder,water,3,40,75
91,cloyster,"water,ice",15,1325,88
92,gastly,"ghost,poison",13,1,96
93,haunter,"ghost,poison",16,1,99
94,gengar,"ghost,poison",15,405,124
95,onix,"rock,ground",88,2100,89
96,drowzee,psychic,10,324,115
97,hypno,psychic,16,756,118
98,krabby,water,4,65,82
99,kingler,water,13,600,85
100,voltorb,electric,5,104,67
101,electrode,electric,12,666,73
102,exeggcute,"grass,psychic",4,25,88
103,exeggutor,"grass,psychic",20,1200,99
104,cubone,ground,4,65,96
105,marowak,ground,10,450,98
106,hitmonlee,fighting,15,498,103
107,hitmonchan,fighting,14,502,102
108,lickitung,normal,12,655,117
109,koffing,poison,6,10,79
110,weezing,poison,12,95,78
111,rhyhorn,"ground,rock",10,1150,108
112,rhydon,"ground,rock",19,1200,137
113,chansey,normal,11,346,144
114,tangela,grass,10,350,81
115,kangaskhan,normal,22,800,121
116,horsea,water,4,80,72
117,seadra,water,12,250,73
118,goldeen,water,6,150,75
119,seaking,water,13,390,74
120,staryu,water,8,345,79
121,starmie,"water,psychic",11,800,92
122,mr-mime,"psychic,fairy",13,545,127
123,scyther,"bug,flying",15,560,88
124,jynx,"ice,psychic",14,406,121
125,electabuzz,electric,11,300,99
126,magmar,fire,13,445,101
127,pinsir,bug,15,550,85
128,tauros,normal,14,884,95
129,magikarp,water,9,100,5
130,gyarados,"water,flying",65,2350,102
131,lapras,"water,ice",25,2200,112
132,ditto,normal,3,40,1
133,eevee,normal,3,65,74
134,vaporeon,water,10,290,98
135,jolteon,electric,8,245,97
136,flareon,fire,9,250,94
137,porygon,normal,8,365,87
138,omanyte,"rock,water",4,75,80
139,omastar,"rock,water",10,350,86
140,kabuto,"rock,water",5,115,83
141,kabutops,"rock,water",13,405,103
142,aerodactyl,"rock,flying",18,590,98
143,snorlax,normal,21,4600,136
144,articuno,"ice,flying",17,554,88
145,zapdos,"electric,flying",16,526,87
146,moltres,"fire,flying",20,600,82
147,dratini,dragon,18,33,86
148,dragonair,dragon,40,165,84
149,dragonite,"dragon,flying",22,2100,137
150,mewtwo,psychic,20,1220,167
151,mew,psychic,4,40,375
152,chikorita,grass,9,64,76
153,bayleef,grass,12,158,78
154,meganium,grass,18,1005,92
155,cyndaquil,fire,5,79,77
156,quilava,fire,9,190,77
157,typhlosion,fire,17,795,111
158,totodile,water,6,95,98
159,croconaw,water,11,250,100
160,feraligatr,water,23,888,117
161,sentret,normal,8,60,100
162,furret,normal,18,325,105
163,hoothoot,"normal,flying",7,212,92
164,noctowl,"normal,flying",16,408,96
165,ledyba,"bug,flying",10,108,73
166,ledian,"bug,flying",14,356,73
167,spinarak,"bug,poison",5,85,80
168,ariados,"bug,poison",11,335,85
169,crobat,"poison,flying",18,750,81
170,chinchou,"water,electric",5,120,77
171,lanturn,"water,electric",12,225,84
172,pichu,electric,3,20,87
173,cleffa,fairy,3,30,109
174,igglybuff,"normal,fairy",3,10,96
175,togepi,fairy,3,15,106
176,togetic,"fairy,flying",6,32,121
177,natu,"psychic,flying",2,20,93
178,xatu,"psychic,flying",15,150,91
179,mareep,electric,6,78,71
180,flaaffy,electric,8,133,83
181,ampharos,electric,14,615,100
182,bellossom,grass,4,58,86
183,marill,"water,fairy",4,85,109
184,azumarill,"water,fairy",8,285,100
185,sudowoodo,rock,12,380,101
186,politoed,water,11,339,92
187,hoppip,"grass,flying",4,5,83
188,skiploom,"grass,flying",6,10,75
189,jumpluff,"grass,flying",8,30,78
190,aipom,normal,8,115,115
191,sunkern,grass,3,18,63
192,sunflora,grass,8,85,69
193,yanma,"bug,flying",12,380,73
194,wooper,"water,ground",4,85,92
195,quagsire,"water,ground",14,750,102
196,espeon,psychic,9,265,101
197,umbreon,dark,10,270,98
198,murkrow,"dark,flying",5,21,98
199,slowking,"water,psychic",20,795,134
200,misdreavus,ghost,7,10,108
201,unown,psychic,5,50,1
202,wobbuffet,psychic,13,285,8
203,girafarig,"normal,psychic",15,415,112
204,pineco,bug,6,72,78
205,forretress,"bug,steel",12,1258,97
206,dunsparce,normal,15,140,116
207,gligar,"ground,flying",11,648,112
208,steelix,"steel,ground",92,4000,96
209,snubbull,fairy,6,78,111
210,granbull,fairy,14,487,118
211,qwilfish,"water,poison",5,39,99
212,scizor,"bug,steel",18,1180,97
213,shuckle,"bug,rock",6,205,81
214,heracross,"bug,fighting",15,540,99
215,sneasel,"dark,ice",9,280,117
216,teddiursa,normal,6,88,103
217,ursaring,normal,18,1258,107
218,slugma,fire,7,350,80
219,magcargo,"fire,rock",8,550,90
220,swinub,"ice,ground",4,65,78
221,piloswine,"ice,ground",11,558,85
222,corsola,"water,rock",6,50,94
223,remoraid,water,6,120,73
224,octillery,water,9,285,81
225,delibird,"ice,flying",9,160,101
226,mantine,"water,flying",21,2200,87
227,skarmory,"steel,flying",17,505,90
228,houndour,"dark,fire",6,108,94
229,houndoom,"dark,fire",14,350,95
230,kingdra,"water,dragon",18,1520,78
231,phanpy,ground,5,335,77
232,donphan,ground,11,1200,94
233,porygon2,normal,6,325,78
234,stantler,normal,14,712,103
235,smeargle,normal,12,580,1
236,tyrogue,fighting,7,210,66
237,hitmontop,fighting,14,480,89
238,smoochum,"ice,psychic",4,60,93
239,elekid,electric,6,235,87
240,magby,fire,7,214,85
241,miltank,normal,12,755,99
242,blissey,normal,15,468,137
243,raikou,electric,19,1780,86
244,entei,fire,21,1980,81
245,suicune,water,20,1870,84
246,larvitar,"rock,ground",6,720,80
247,pupitar,"rock,ground",12,1520,81
248,tyranitar,"rock,dark",20,2020,134
249,lugia,"psychic,flying",52,2160,117
250,ho-oh,"fire,flying",38,1990,102
251,celebi,"psychic,grass",6,50,104
252,treecko,grass,5,50,98
253,grovyle,grass,9,216,100
254,sceptile,grass,17,522,121
255,torchic,fire,4,25,82
256,combusken,"fire,fighting",9,195,101
257,blaziken,"fire,fighting",19,520,122
258,mudkip,water,4,76,85
259,marshtomp,"water,ground",7,280,96
260,swampert,"water,ground",15,819,116
261,poochyena,dark,5,136,76
262,mightyena,dark,10,370,80
263,zigzagoon,normal,4,175,81
264,linoone,normal,5,325,88
265,wurmple,bug,3,36,6
266,silcoon,bug,6,100,7
267,beautifly,"bug,flying",10,284,66
268,cascoon,bug,7,115,7
269,dustox,"bug,poison",12,316,66
270,lotad,"water,grass",5,26,72
271,lombre,"water,grass",12,325,97
272,ludicolo,"water,grass",15,550,104
273,seedot,grass,5,40,74
274,nuzleaf,"grass,dark",10,280,108
275,shiftry,"grass,dark",13,596,136
276,taillow,"normal,flying",3,23,61
277,swellow,"normal,flying",7,198,56
278,wingull,"water,flying",6,95,78
279,pelipper,"water,flying",12,280,87
280,ralts,"psychic,fairy",4,66,104
281,kirlia,"psychic,fairy",8,202,98
282,gardevoir,"psychic,fairy",16,484,115
283,surskit,"bug,water",5,17,74
284,masquerain,"bug,flying",8,36,94
285,shroomish,grass,4,45,62
286,breloom,"grass,fighting",12,392,103
287,slakoth,normal,8,240,96
288,vigoroth,normal,14,465,113
289,slaking,normal,20,1305,127
290,nincada,"bug,ground",5,55,54
291,ninjask,"bug,flying",8,120,69
292,shedinja,"bug,ghost",8,12,66
293,whismur,normal,6,163,72
294,loudred,normal,10,405,79
295,exploud,normal,15,840,94
296,makuhita,fighting,10,864,99
297,hariyama,fighting,23,2538,101
298,azurill,"normal,fairy",2,20,74
299,nosepass,rock,10,970,84
300,skitty,normal,6,110,85
301,delcatty,normal,11,326,80
302,sableye,"dark,ghost",5,110,135
303,mawile,"steel,fairy",6,115,108
304,aron,"steel,rock",4,600,74
305,lairon,"steel,rock",9,1200,73
306,aggron,"steel,rock",21,3600,121
307,meditite,"fighting,psychic",6,112,110
308,medicham,"fighting,psychic",13,315,109
309,electrike,electric,6,152,65
310,manectric,electric,15,402,69
311,plusle,electric,4,42,87
312,minun,electric,4,42,85
313,volbeat,bug,7,177,90
314,illumise,bug,6,177,94
315,roselia,"grass,poison",3,20,75
316,gulpin,poison,4,103,85
317,swalot,poison,17,800,90
318,carvanha,"water,dark",8,208,69
319,sharpedo,"water,dark",18,888,82
320,wailmer,water,20,1300,68
321,wailord,water,145,3980,68
322,numel,"fire,ground",7,240,90
323,camerupt,"fire,ground",19,2200,91
324,torkoal,fire,5,804,88
325,spoink,psychic,7,306,92
326,grumpig,psychic,9,715,121
327,spinda,normal,11,50,100
328,trapinch,ground,7,150,63
329,vibrava,"ground,dragon",11,153,93
330,flygon,"ground,dragon",20,820,114
331,cacnea,grass,4,513,104
332,cacturne,"grass,dark",13,774,112
333,swablu,"normal,flying",4,12,83
334,altaria,"dragon,flying",11,206,100
335,zangoose,normal,13,403,123
336,seviper,poison,27,525,104
337,lunatone,"rock,psychic",10,1680,94
338,solrock,"rock,psychic",12,1540,98
339,barboach,"water,ground",4,19,70
340,whiscash,"water,ground",9,236,81
341,corphish,water,6,115,85
342,crawdaunt,"water,dark",11,328,98
343,baltoy,"ground,psychic",5,215,83
344,claydol,"ground,psychic",15,1080,94
345,lileep,"rock,grass",10,238,70
346,cradily,"rock,grass",15,604,79
347,anorith,"rock,bug",7,125,66
348,armaldo,"rock,bug",15,682,79
349,feebas,water,6,74,53
350,milotic,water,62,1620,90
351,castform,normal,3,8,70
352,kecleon,normal,10,220,111
353,shuppet,ghost,6,23,88
354,banette,ghost,11,125,93
355,duskull,ghost,8,150,83
356,dusclops,ghost,16,306,103
357,tropius,"grass,flying",20,1000,95
358,chimecho,psychic,6,10,103
359,absol,dark,12,470,112
360,wynaut,psychic,6,140,8
361,snorunt,ice,7,168,61
362,glalie,ice,15,2565,80
363,spheal,"ice,water",8,395,67
364,sealeo,"ice,water",11,876,60
365,walrein,"ice,water",14,1506,73
366,clamperl,water,4,525,45
367,huntail,water,17,270,58
368,gorebyss,water,18,226,59
369,relicanth,"water,rock",10,234,78
370,luvdisc,water,6,87,66
371,bagon,dragon,6,421,71
372,shelgon,dragon,11,1105,70
373,salamence,"dragon,flying",15,1026,93
374,beldum,"steel,psychic",6,952,8
375,metang,"steel,psychic",12,2025,93
376,metagross,"steel,psychic",16,5500,103
377,regirock,rock,17,2300,87
378,regice,ice,18,1750,83
379,registeel,steel,19,2050,89
380,latias,"dragon,psychic",14,400,122
381,latios,"dragon,psychic",20,600,116
382,kyogre,water,45,3520,73
383,groudon,ground,35,9500,108
384,rayquaza,"dragon,flying",70,2065,105
385,jirachi,"steel,psychic",3,11,108
386,deoxys-normal,psychic,17,608,116
387,turtwig,grass,4,102,84
388,grotle,grass,11,970,84
389,torterra,"grass,ground",22,3100,106
390,chimchar,fire,5,62,100
391,monferno,"fire,fighting",9,220,107
392,infernape,"fire,fighting",12,550,125
393,piplup,water,4,52,87
394,prinplup,water,8,230,90
395,empoleon,"water,steel",17,845,118
396,starly,"normal,flying",3,20,67
397,staravia,"normal,flying",6,155,60
398,staraptor,"normal,flying",12,249,65
399,bidoof,normal,5,200,71
400,bibarel,"normal,water",10,315,82
401,kricketot,bug,3,22,15
402,kricketune,bug,10,255,74
403,shinx,electric,5,95,72
404,luxio,electric,9,305,68
405,luxray,electric,14,420,76
406,budew,"grass,poison",2,12,63
407,roserade,"grass,poison",9,145,70
408,cranidos,rock,9,315,87
409,rampardos,rock,16,1025,105
410,shieldon,"rock,steel",5,570,77
411,bastiodon,"rock,steel",13,1495,88
412,burmy,bug,2,34,8
413,wormadam-plant,"bug,grass",5,65,64
414,mothim,"bug,flying",9,233,63
415,combee,"bug,flying",3,55,18
416,vespiquen,"bug,flying",12,385,94
417,pachirisu,electric,4,39,91
418,buizel,water,7,295,87
419,floatzel,water,11,335,89
420,cherubi,grass,4,33,63
421,cherrim,grass,5,93,60
422,shellos,water,3,63,76
423,gastrodon,"water,ground",9,299,79
424,ambipom,normal,12,203,105
425,drifloon,"ghost,flying",4,12,96
426,drifblim,"ghost,flying",12,150,98
427,buneary,normal,4,55,94
428,lopunny,normal,12,333,103
429,mismagius,ghost,9,44,103
430,honchkrow,"dark,flying",9,273,90
431,glameow,normal,5,39,77
432,purugly,normal,10,438,77
433,chingling,psychic,2,6,82
434,stunky,"poison,dark",4,192,94
435,skuntank,"poison,dark",10,380,95
436,bronzor,"steel,psychic",5,605,85
437,bronzong,"steel,psychic",13,1870,98
438,bonsly,rock,5,150,77
439,mime-jr,"psychic,fairy",6,130,92
440,happiny,normal,6,244,80
441,chatot,"normal,flying",5,19,64
442,spiritomb,"ghost,dark",10,1080,86
443,gible,"dragon,ground",7,205,77
444,gabite,"dragon,ground",14,560,81
445,garchomp,"dragon,ground",19,950,93
446,munchlax,normal,6,1050,105
447,riolu,fighting,7,202,97
448,lucario,"fighting,steel",12,540,115
449,hippopotas,ground,8,495,68
450,hippowdon,ground,20,3000,70
451,skorupi,"poison,bug",8,120,77
452,drapion,"poison,dark",13,615,90
453,croagunk,"poison,fighting",7,230,112
454,toxicroak,"poison,fighting",13,444,108
455,carnivine,grass,14,270,70
456,finneon,water,4,70,74
457,lumineon,water,12,240,72
458,mantyke,"water,flying",10,650,66
459,snover,"grass,ice",10,505,76
460,abomasnow,"grass,ice",22,1355,95
461,weavile,"dark,ice",11,340,108
462,magnezone,"electric,steel",12,1800,81
463,lickilicky,normal,17,1400,102
464,rhyperior,"ground,rock",24,2828,128
465,tangrowth,grass,20,1286,84
466,electivire,electric,18,1386,98
467,magmortar,fire,16,680,102
468,togekiss,"fairy,flying",15,380,118
469,yanmega,"bug,flying",19,515,79
470,leafeon,grass,10,255,90
471,glaceon,ice,8,259,87
472,gliscor,"ground,flying",20,425,110
473,mamoswine,"ice,ground",25,2910,91
474,porygon-z,normal,9,340,80
475,gallade,"psychic,fighting",16,520,145
476,probopass,"rock,steel",14,3400,90
477,dusknoir,ghost,22,1066,103
478,froslass,"ice,ghost",13,266,95
479,rotom,"electric,ghost",3,3,66
480,uxie,psychic,3,3,99
481,mesprit,psychic,3,3,99
482,azelf,psychic,3,3,101
483,dialga,"steel,dragon",54,6830,92
484,palkia,"water,dragon",42,3360,98
485,heatran,"fire,steel",17,4300,86
486,regigigas,normal,37,4200,85
487,giratina-altered,"ghost,dragon",45,7500,95
488,cresselia,psychic,15,856,82
489,phione,water,4,31,68
490,manaphy,water,3,14,83
491,darkrai,dark,15,505,94
492,shaymin-land,grass,2,21,76
493,arceus,normal,32,3200,173
494,victini,"psychic,fire",4,40,94
495,snivy,grass,6,81,77
496,servine,grass,8,160,74
497,serperior,grass,33,630,87
498,tepig,fire,5,99,72
499,pignite,"fire,fighting",10,555,91
500,emboar,"fire,fighting",16,1500,102
501,oshawott,water,5,59,78
502,dewott,water,8,245,77
503,samurott,water,15,946,95
504,patrat,normal,5,116,63
505,watchog,normal,11,270,77
506,lillipup,normal,4,41,60
507,herdier,normal,9,147,56
508,stoutland,normal,12,610,61
509,purrloin,dark,4,101,74
510,liepard,dark,11,375,77
511,pansage,grass,6,105,72
512,simisage,grass,11,305,64
513,pansear,fire,6,110,72
514,simisear,fire,10,280,66
515,panpour,water,6,135,74
516,simipour,water,10,290,67
517,munna,psychic,6,233,75
518,musharna,psychic,11,605,71
519,pidove,"normal,flying",3,21,52
520,tranquill,"normal,flying",6,150,46
521,unfezant,"normal,flying",12,290,51
522,blitzle,electric,8,298,65
523,zebstrika,electric,16,795,74
524,roggenrola,rock,4,180,51
525,boldore,rock,9,1020,47
526,gigalith,rock,17,2600,56
527,woobat,"psychic,flying",4,21,89
528,swoobat,"psychic,flying",9,105,89
529,drilbur,ground,3,85,63
530,excadrill,"ground,steel",7,404,74
531,audino,normal,11,310,107
532,timburr,fighting,6,125,80
533,gurdurr,fighting,12,400,77
534,conkeldurr,fighting,14,870,86
535,tympole,water,5,45,51
536,palpitoad,"water,ground",8,170,52
537,seismitoad,"water,ground",15,620,76
538,throh,fighting,13,555,70
539,sawk,fighting,14,510,68
540,sewaddle,"bug,grass",3,25,66
541,swadloon,"bug,grass",5,73,60
542,leavanny,"bug,grass",12,205,85
543,venipede,"bug,poison",4,53,52
544,whirlipede,"bug,poison",12,585,49
545,scolipede,"bug,poison",25,2005,71
546,cottonee,"grass,fairy",3,6,61
547,whimsicott,"grass,fairy",7,66,71
548,petilil,grass,5,66,61
549,lilligant,grass,11,163,67
550,basculin-red-striped,water,10,180,74
551,sandile,"ground,dark",7,152,80
552,krokorok,"ground,dark",10,334,92
553,krookodile,"ground,dark",15,963,106
554,darumaka,fire,6,375,68
555,darmanitan-standard,fire,13,929,89
556,maractus,grass,10,280,65
557,dwebble,"bug,rock",3,145,60
558,crustle,"bug,rock",14,2000,62
559,scraggy,"dark,fighting",6,118,101
560,scrafty,"dark,fighting",11,300,108
561,sigilyph,"psychic,flying",14,140,83
562,yamask,ghost,5,15,70
563,cofagrigus,ghost,17,765,77
564,tirtouga,"water,rock",7,165,69
565,carracosta,"water,rock",12,810,73
566,archen,"rock,flying",5,95,75
567,archeops,"rock,flying",14,320,80
568,trubbish,poison,6,310,57
569,garbodor,poison,19,1073,66
570,zorua,dark,7,125,84
571,zoroark,dark,16,811,93
572,minccino,normal,4,58,73
573,cinccino,normal,5,75,78
574,gothita,psychic,4,58,89
575,gothorita,psychic,7,180,84
576,gothitelle,psychic,15,440,93
577,solosis,psychic,3,10,79
578,duosion,psychic,6,80,79
579,reuniclus,psychic,10,201,100
580,ducklett,"water,flying",5,55,60
581,swanna,"water,flying",13,242,65
582,vanillite,ice,4,57,52
583,vanillish,ice,11,410,46
584,vanilluxe,ice,13,575,52
585,deerling,"normal,grass",6,195,71
586,sawsbuck,"normal,grass",19,925,80
587,emolga,"electric,flying",4,50,67
588,karrablast,bug,5,59,53
589,escavalier,"bug,steel",10,330,67
590,foongus,"grass,poison",2,10,56
591,amoonguss,"grass,poison",6,105,58
592,frillish,"water,ghost",12,330,71
593,jellicent,"water,ghost",22,1350,70
594,alomomola,water,12,316,74
595,joltik,"bug,electric",1,6,69
596,galvantula,"bug,electric",8,143,69
597,ferroseed,"grass,steel",6,188,60
598,ferrothorn,"grass,steel",10,1100,74
599,klink,steel,3,210,53
600,klang,steel,6,510,54
601,klinklang,steel,6,810,60
602,tynamo,electric,2,3,8
603,eelektrik,electric,12,220,61
604,eelektross,electric,21,805,97
605,elgyem,psychic,5,90,82
606,beheeyem,psychic,10,345,84
607,litwick,"ghost,fire",3,31,72
608,lampent,"ghost,fire",6,130,71
609,chandelure,"ghost,fire",10,343,75
610,axew,dragon,6,180,80
611,fraxure,dragon,10,360,76
612,haxorus,dragon,18,1055,86
613,cubchoo,ice,5,85,83
614,beartic,ice,26,2600,100
615,cryogonal,ice,11,1480,66
616,shelmet,bug,4,77,52
617,accelgor,bug,8,253,62
618,stunfisk,"ground,electric",7,110,74
619,mienfoo,fighting,9,200,83
620,mienshao,fighting,14,355,91
621,druddigon,dragon,16,1390,91
622,golett,"ground,ghost",10,920,89
623,golurk,"ground,ghost",28,3300,105
624,pawniard,"dark,steel",5,102,84
625,bisharp,"dark,steel",16,700,85
626,bouffalant,normal,16,946,73
627,rufflet,"normal,flying",5,105,68
628,braviary,"normal,flying",15,410,73
629,vullaby,"dark,flying",5,90,73
630,mandibuzz,"dark,flying",12,395,80
631,heatmor,fire,14,580,80
632,durant,"bug,steel",3,330,65
633,deino,"dark,dragon",8,173,67
634,zweilous,"dark,dragon",14,500,68
635,hydreigon,"dark,dragon",18,1600,104
636,larvesta,"bug,fire",11,288,61
637,volcarona,"bug,fire",16,460,78
638,cobalion,"steel,fighting",21,2500,82
639,terrakion,"rock,fighting",19,2600,75
640,virizion,"grass,fighting",20,2000,81
641,tornadus-incarnate,flying,15,630,84
642,thundurus-incarnate,"electric,flying",15,610,94
643,reshiram,"dragon,fire",32,3300,91
644,zekrom,"dragon,electric",29,3450,98
645,landorus-incarnate,"ground,flying",15,680,82
646,kyurem,"dragon,ice",30,3250,86
647,keldeo-ordinary,"water,fighting",14,485,81
648,meloetta-aria,"normal,psychic",6,65,105
649,genesect,"bug,steel",15,825,80
650,chespin,grass,4,90,96
651,quilladin,grass,7,290,97
652,chesnaught,"grass,fighting",16,900,117
653,fennekin,fire,4,94,74
654,braixen,fire,10,145,85
655,delphox,"fire,psychic",15,390,106
656,froakie,water,3,70,77
657,frogadier,water,6,109,77
658,greninja,"water,dark",15,400,93
659,bunnelby,normal,4,50,65
660,diggersby,"normal,ground",10,424,88
661,fletchling,"normal,flying",3,17,58
662,fletchinder,"fire,flying",7,160,63
663,talonflame,"fire,flying",12,245,69
664,scatterbug,bug,3,25,9
665,spewpa,bug,3,84,8
666,vivillon,"bug,flying",12,170,67
667,litleo,"fire,normal",6,135,67
668,pyroar,"fire,normal",15,815,70
669,flabebe,fairy,1,1,69
670,floette,fairy,2,9,68
671,florges,fairy,11,100,70
672,skiddo,grass,9,310,69
673,gogoat,grass,17,910,75
674,pancham,fighting,6,80,91
675,pangoro,"fighting,dark",21,1360,112
676,furfrou,normal,12,280,57
677,espurr,psychic,3,35,77
678,meowstic-male,psychic,6,85,91
679,honedge,"steel,ghost",8,20,57
680,doublade,"steel,ghost",8,45,54
681,aegislash-shield,"steel,ghost",17,530,62
682,spritzee,fairy,2,5,63
683,aromatisse,fairy,8,155,67
684,swirlix,fairy,4,35,58
685,slurpuff,fairy,8,50,60
686,inkay,"dark,psychic",4,35,85
687,malamar,"dark,psychic",15,470,91
688,binacle,"rock,water",5,310,86
689,barbaracle,"rock,water",13,960,98
690,skrelp,"poison,water",5,73,69
691,dragalge,"poison,dragon",18,815,73
692,clauncher,water,5,83,66
693,clawitzer,water,13,353,73
694,helioptile,"electric,normal",5,60,63
695,heliolisk,"electric,normal",10,210,77
696,tyrunt,"rock,dragon",8,260,75
697,tyrantrum,"rock,dragon",25,2700,78
698,amaura,"rock,ice",13,252,78
699,aurorus,"rock,ice",27,2250,78
700,sylveon,fairy,10,235,80
701,hawlucha,"fighting,flying",8,215,108
702,dedenne,"electric,fairy",2,22,75
703,carbink,"rock,fairy",3,57,79
704,goomy,dragon,3,28,53
705,sliggoo,dragon,8,175,51
706,goodra,dragon,20,1505,86
707,klefki,"steel,fairy",2,30,65
708,phantump,"ghost,grass",4,70,84
709,trevenant,"ghost,grass",15,710,99
710,pumpkaboo-average,"ghost,grass",4,50,73
711,gourgeist-average,"ghost,grass",9,125,77
712,bergmite,ice,10,995,63
713,avalugg,ice,20,5050,74
714,noibat,"flying,dragon",5,80,72
715,noivern,"flying,dragon",15,850,86
716,xerneas,fairy,30,2150,69
717,yveltal,"dark,flying",58,2030,66
718,zygarde-50,"dragon,ground",50,3050,70
719,diancie,"rock,fairy",7,88,90
720,hoopa,"psychic,ghost",5,90,96
721,volcanion,"fire,water",17,1950,82
722,rowlet,"grass,flying",3,15,76
723,dartrix,"grass,flying",7,160,76
724,decidueye,"grass,ghost",16,366,108
725,litten,fire,4,43,64
726,torracat,fire,7,250,65
727,incineroar,"fire,dark",18,830,106
728,popplio,water,4,75,67
729,brionne,water,6,175,67
730,primarina,"water,fairy",18,440,88
731,pikipek,"normal,flying",3,12,58
732,trumbeak,"normal,flying",6,148,59
733,toucannon,"normal,flying",11,260,71
734,yungoos,normal,4,60,66
735,gumshoos,normal,7,142,80
736,grubbin,bug,4,44,52
737,charjabug,"bug,electric",5,105,56
738,vikavolt,"bug,electric",15,450,75
739,crabrawler,fighting,6,70,72
740,crabominable,"fighting,ice",17,1800,84
741,oricorio-baile,"fire,flying",6,34,65
742,cutiefly,"bug,fairy",1,2,78
743,ribombee,"bug,fairy",2,5,86
744,rockruff,rock,5,92,64
745,lycanroc-midday,rock,8,250,76
746,wishiwashi-solo,water,2,3,52
747,mareanie,"poison,water",4,80,66
748,toxapex,"poison,water",7,145,73
749,mudbray,ground,10,1100,57
750,mudsdale,ground,25,9200,62
751,dewpider,"water,bug",3,40,63
752,araquanid,"water,bug",18,820,70
753,fomantis,grass,3,15,57
754,lurantis,grass,9,185,71
755,morelull,"grass,fairy",2,15,56
756,shiinotic,"grass,fairy",10,115,58
757,salandit,"poison,fire",6,48,77
758,salazzle,"poison,fire",12,222,92
759,stufful,"normal,fighting",5,68,62
760,bewear,"normal,fighting",21,1350,70
761,bounsweet,grass,3,32,58
762,steenee,grass,7,82,64
763,tsareena,grass,12,214,77
764,comfey,fairy,1,3,82
765,oranguru,"normal,psychic",15,760,91
766,passimian,fighting,20,828,91
767,wimpod,"bug,water",5,120,38
768,golisopod,"bug,water",20,1080,81
769,sandygast,"ghost,ground",5,700,72
770,palossand,"ghost,ground",13,2500,73
771,pyukumuku,water,3,12,40
772,type-null,normal,19,1205,56
773,silvally,normal,23,1005,88
774,minior-red-meteor,"rock,flying",3,400,64
775,komala,normal,4,199,73
776,turtonator,"fire,dragon",20,2120,80
777,togedemaru,"electric,steel",3,33,78
778,mimikyu-disguised,"ghost,fairy",2,7,87
779,bruxish,"water,psychic",9,190,84
780,drampa,"normal,dragon",30,1850,88
781,dhelmise,"ghost,grass",39,2100,76
782,jangmo-o,dragon,6,297,66
783,hakamo-o,"dragon,fighting",12,470,80
784,kommo-o,"dragon,fighting",16,782,107
785,tapu-koko,"electric,fairy",18,205,74
786,tapu-lele,"psychic,fairy",12,186,71
787,tapu-bulu,"grass,fairy",19,455,81
788,tapu-fini,"water,fairy",13,212,71
789,cosmog,psychic,2,1,2
790,cosmoem,psychic,1,9999,2
791,solgaleo,"psychic,steel",34,2300,87
792,lunala,"psychic,ghost",40,1200,85
793,nihilego,"rock,poison",12,555,72
794,buzzwole,"bug,fighting",24,3336,65
795,pheromosa,"bug,fighting",18,250,66
796,xurkitree,electric,38,1000,58
797,celesteela,"steel,flying",92,9999,65
798,kartana,"grass,steel",3,1,45
799,guzzlord,"dark,dragon",55,8880,76
800,necrozma,psychic,24,2300,90
801,magearna,"steel,fairy",10,805,104
802,marshadow,"fighting,ghost",7,222,84
803,poipole,poison,6,18,37
804,naganadel,"poison,dragon",36,1500,77
805,stakataka,"rock,steel",55,8200,66
806,blacephalon,"fire,ghost",18,130,66
807,zeraora,electric,15,445,83
808,meltan,steel,2,80,20
809,melmetal,steel,25,8000,47
810,grookey,grass,3,50,58
811,thwackey,grass,7,140,60
812,rillaboom,grass,21,900,83
813,scorbunny,fire,3,45,56
814,raboot,fire,6,90,59
815,cinderace,fire,14,330,78
816,sobble,water,3,40,46
817,drizzile,water,7,115,47
818,inteleon,water,19,452,74
819,skwovet,normal,3,25,47
820,greedent,normal,6,60,60
821,rookidee,flying,2,18,47
822,corvisquire,flying,8,160,44
823,corviknight,"flying,steel",22,750,68
824,blipbug,bug,4,80,5
825,dottler,"bug,psychic",4,195,40
826,orbeetle,"bug,psychic",4,408,53
827,nickit,dark,6,89,35
828,thievul,dark,12,199,46
829,gossifleur,grass,4,22,38
830,eldegoss,grass,5,25,38
831,wooloo,normal,6,60,30
832,dubwool,normal,13,430,38
833,chewtle,water,3,85,43
834,drednaw,"water,rock",10,1155,72
835,yamper,electric,3,135,38
836,boltund,electric,10,340,43
837,rolycoly,rock,3,120,43
838,carkol,"rock,fire",11,780,55
839,coalossal,"rock,fire",28,3105,63
840,applin,"grass,dragon",2,5,11
841,flapple,"grass,dragon",3,10,52
842,appletun,"grass,dragon",4,130,60
843,silicobra,ground,22,76,43
844,sandaconda,ground,38,655,53
845,cramorant,"flying,water",8,180,61
846,arrokuda,water,5,10,46
847,barraskewda,water,13,300,47
848,toxel,"electric,poison",4,110,21
849,toxtricity-amped,"electric,poison",16,400,80
850,sizzlipede,"fire,bug",7,10,37
851,centiskorch,"fire,bug",30,1200,46
852,clobbopus,fighting,6,40,42
853,grapploct,fighting,16,390,50
854,sinistea,ghost,1,2,46
855,polteageist,ghost,2,4,54
856,hatenna,psychic,4,34,51
857,hattrem,psychic,6,48,49
858,hatterene,"psychic,fairy",21,51,66
859,impidimp,"dark,fairy",4,55,50
860,morgrem,"dark,fairy",8,125,52
861,grimmsnarl,"dark,fairy",15,610,75
862,obstagoon,"dark,normal",16,460,81
863,perrserker,steel,8,280,78
864,cursola,ghost,10,4,69
865,sirfetchd,fighting,8,1170,44
866,mr-rime,"ice,psychic",15,582,89
867,runerigus,"ground,ghost",16,666,67
868,milcery,fairy,2,3,27
869,alcremie,fairy,3,5,55
870,falinks,fighting,30,620,57
871,pincurchin,electric,3,10,60
872,snom,"ice,bug",3,38,21
873,frosmoth,"ice,bug",13,420,56
874,stonjourner,rock,25,5200,55
875,eiscue-ice,ice,14,890,55
876,indeedee-male,"psychic,normal",9,280,57
877,morpeko-full-belly,"electric,dark",3,30,74
878,cufant,steel,12,1000,57
879,copperajah,steel,30,6500,64
880,dracozolt,"electric,dragon",18,1900,58
881,arctozolt,"electric,ice",23,1500,54
882,dracovish,"water,dragon",23,2150,50
883,arctovish,"water,ice",20,1750,45
884,duraludon,"steel,dragon",18,400,60
885,dreepy,"dragon,ghost",5,20,26
886,drakloak,"dragon,ghost",14,110,59
887,dragapult,"dragon,ghost",30,500,69
888,zacian,fairy,28,1100,63
889,zamazenta,fighting,29,2100,68
890,eternatus,"poison,dragon",200,9500,53
891,kubfu,fighting,6,120,48
892,urshifu-single-strike,"fighting,dark",19,1050,75
893,zarude,"dark,grass",18,700,82
894,regieleki,electric,12,1450,47
895,regidrago,dragon,21,2000,43
896,glastrier,ice,22,8000,55
897,spectrier,ghost,20,445,50
898,calyrex,"psychic,grass",11,77,69
899,wyrdeer,"normal,psychic",18,951,68
900,kleavor,"bug,rock",18,890,56
901,ursaluna,"ground,normal",24,2900,77
902,basculegion-male,"water,ghost",30,1100,54
903,sneasler,"fighting,poison",13,430,65
904,overqwil,"dark,poison",25,605,63
905,enamorus-incarnate,"fairy,flying",16,480,54
10001,deoxys-attack,psychic,17,608,119
10002,deoxys-defense,psychic,17,608,119
10003,deoxys-speed,psychic,17,608,119
10004,wormadam-sandy,"bug,ground",5,65,65
10005,wormadam-trash,"bug,steel",5,65,69
10006,shaymin-sky,"grass,flying",4,52,68
10007,giratina-origin,"ghost,dragon",69,6500,97
10008,rotom-heat,"electric,fire",3,3,67
10009,rotom-wash,"electric,water",3,3,67
10010,rotom-frost,"electric,ice",3,3,67
10011,rotom-fan,"electric,flying",3,3,67
10012,rotom-mow,"electric,grass",3,3,67
10013,castform-sunny,fire,3,8,70
10014,castform-rainy,water,3,8,70
10015,castform-snowy,ice,3,8,70
10016,basculin-blue-striped,water,10,180,74
10017,darmanitan-zen,"fire,psychic",13,929,89
10018,meloetta-pirouette,"normal,fighting",6,65,105
10019,tornadus-therian,flying,14,630,82
10020,thundurus-therian,"electric,flying",30,610,90
10021,landorus-therian,"ground,flying",13,680,79
10022,kyurem-black,"dragon,ice",33,3250,87
10023,kyurem-white,"dragon,ice",36,3250,87
10024,keldeo-resolute,"water,fighting",14,485,81
10025,meowstic-female,psychic,6,85,90
10026,aegislash-blade,"steel,ghost",17,530,62
10027,pumpkaboo-small,"ghost,grass",3,35,73
10028,pumpkaboo-large,"ghost,grass",5,75,73
10029,pumpkaboo-super,"ghost,grass",8,150,73
10030,gourgeist-small,"ghost,grass",7,95,77
10031,gourgeist-large,"ghost,grass",11,140,77
10032,gourgeist-super,"ghost,grass",17,390,77
10033,venusaur-mega,"grass,poison",24,1555,66
10034,charizard-mega-x,"fire,dragon",17,1105,83
10035,charizard-mega-y,"fire,flying",17,1005,83
10036,blastoise-mega,water,16,1011,73
10037,alakazam-mega,psychic,12,480,81
10038,gengar-mega,"ghost,poison",14,405,87
10039,kangaskhan-mega,normal,22,1000,94
10040,pinsir-mega,"bug,flying",17,590,69
10041,gyarados-mega,"water,dark",65,3050,70
10042,aerodactyl-mega,"rock,flying",21,790,78
10043,mewtwo-mega-x,"psychic,fighting",23,1270,115
10044,mewtwo-mega-y,psychic,15,330,115
10045,ampharos-mega,"electric,dragon",14,615,64
10046,scizor-mega,"bug,steel",20,1250,62
10047,heracross-mega,"bug,fighting",17,625,75
10048,houndoom-mega,"dark,fire",19,495,64
10049,tyranitar-mega,"rock,dark",25,2550,89
10050,blaziken-mega,"fire,fighting",19,520,80
10051,gardevoir-mega,"psychic,fairy",16,484,81
10052,mawile-mega,"steel,fairy",10,235,91
10053,aggron-mega,steel,22,3950,92
10054,medicham-mega,"fighting,psychic",13,315,75
10055,manectric-mega,electric,18,440,51
10056,banette-mega,ghost,12,130,67
10057,absol-mega,dark,12,490,98
10058,garchomp-mega,"dragon,ground",19,950,66
10059,lucario-mega,"fighting,steel",13,575,76
10060,abomasnow-mega,"grass,ice",27,1850,62
10061,floette-eternal,fairy,2,9,53
10062,latias-mega,"dragon,psychic",18,520,87
10063,latios-mega,"dragon,psychic",23,700,83
10064,swampert-mega,"water,ground",19,1020,69
10065,sceptile-mega,"grass,dragon",19,552,80
10066,sableye-mega,"dark,ghost",5,1610,93
10067,altaria-mega,"dragon,fairy",15,206,69
10068,gallade-mega,"psychic,fighting",16,564,101
10069,audino-mega,"normal,fairy",15,320,101
10070,sharpedo-mega,"water,dark",25,1303,64
10071,slowbro-mega,"water,psychic",20,1200,88
10072,steelix-mega,"steel,ground",105,7400,68
10073,pidgeot-mega,"normal,flying",22,505,48
10074,glalie-mega,ice,21,3502,52
10075,diancie-mega,"rock,fairy",11,278,62
10076,metagross-mega,"steel,psychic",25,9429,70
10077,kyogre-primal,water,98,4300,58
10078,groudon-primal,"ground,fire",50,9997,72
10079,rayquaza-mega,"dragon,flying",108,3920,81
10080,pikachu-rock-star,electric,4,60,55
10081,pikachu-belle,electric,4,60,55
10082,pikachu-pop-star,electric,4,60,55
10083,pikachu-phd,electric,4,60,55
10084,pikachu-libre,electric,4,60,55
10085,pikachu-cosplay,electric,4,60,54
10086,hoopa-unbound,"psychic,dark",65,4900,96
10087,camerupt-mega,"fire,ground",25,3205,60
10088,lopunny-mega,"normal,fighting",13,283,77
10089,salamence-mega,"dragon,flying",18,1126,65
10090,beedrill-mega,"bug,poison",14,405,64
10091,rattata-alola,"dark,normal",3,38,63
10092,raticate-alola,"dark,normal",7,255,67
10093,raticate-totem-alola,"dark,normal",14,1050,63
10094,pikachu-original-cap,electric,4,60,77
10095,pikachu-hoenn-cap,electric,4,60,77
10096,pikachu-sinnoh-cap,electric,4,60,88
10097,pikachu-unova-cap,electric,4,60,77
10098,pikachu-kalos-cap,electric,4,60,87
10099,pikachu-alola-cap,electric,4,60,77
10100,raichu-alola,"electric,psychic",7,210,101
10101,sandshrew-alola,"ice,steel",7,400,91
10102,sandslash-alola,"ice,steel",12,550,99
10103,vulpix-alola,ice,6,99,88
10104,ninetales-alola,"ice,fairy",11,199,94
10105,diglett-alola,"ground,steel",2,10,78
10106,dugtrio-alola,"ground,steel",7,666,82
10107,meowth-alola,dark,4,42,94
10108,persian-alola,dark,11,330,97
10109,geodude-alola,"rock,electric",4,203,79
10110,graveler-alola,"rock,electric",10,1100,85
10111,golem-alola,"rock,electric",17,3160,93
10112,grimer-alola,"poison,dark",7,420,98
10113,muk-alola,"poison,dark",10,520,97
10114,exeggutor-alola,"grass,dragon",109,4156,98
10115,marowak-alola,"fire,ghost",10,340,97
10116,greninja-battle-bond,"water,dark",15,400,63
10117,greninja-ash,"water,dark",15,400,81
10118,zygarde-10-power-construct,"dragon,ground",12,335,67
10119,zygarde-50-power-construct,"dragon,ground",50,3050,67
10120,zygarde-complete,"dragon,ground",45,6100,67
10121,gumshoos-totem,normal,14,600,56
10122,vikavolt-totem,"bug,electric",26,1475,52
10123,oricorio-pom-pom,"electric,flying",6,34,65
10124,oricorio-pau,"psychic,flying",6,34,65
10125,oricorio-sensu,"ghost,flying",6,34,65
10126,lycanroc-midnight,rock,11,250,88
10127,wishiwashi-school,water,82,786,52
10128,lurantis-totem,grass,15,580,55
10129,salazzle-totem,"poison,fire",21,810,57
10130,minior-orange-meteor,"rock,flying",3,400,64
10131,minior-yellow-meteor,"rock,flying",3,400,64
10132,minior-green-meteor,"rock,flying",3,400,64
10133,minior-blue-meteor,"rock,flying",3,400,64
10134,minior-indigo-meteor,"rock,flying",3,400,64
10135,minior-violet-meteor,"rock,flying",3,400,64
10136,minior-red,"rock,flying",3,3,64
10137,minior-orange,"rock,flying",3,3,64
10138,minior-yellow,"rock,flying",3,3,64
10139,minior-green,"rock,flying",3,3,64
10140,minior-blue,"rock,flying",3,3,64
10141,minior-indigo,"rock,flying",3,3,64
10142,minior-violet,"rock,flying",3,3,64
10143,mimikyu-busted,"ghost,fairy",2,7,88
10144,mimikyu-totem-disguised,"ghost,fairy",4,28,66
10145,mimikyu-totem-busted,"ghost,fairy",4,28,67
10146,kommo-o-totem,"dragon,fighting",24,2075,80
10147,magearna-original,"steel,fairy",10,805,102
10148,pikachu-partner-cap,electric,4,60,77
10149,marowak-totem,"fire,ghost",17,980,79
10150,ribombee-totem,"bug,fairy",4,20,59
10151,rockruff-own-tempo,rock,5,92,63
10152,lycanroc-dusk,rock,8,250,78
10153,araquanid-totem,"water,bug",31,2175,50
10154,togedemaru-totem,"electric,steel",6,130,68
10155,necrozma-dusk,"psychic,steel",38,4600,90
10156,necrozma-dawn,"psychic,ghost",42,3500,90
10157,necrozma-ultra,"psychic,dragon",75,2300,75
10158,pikachu-starter,electric,4,60,30
10159,eevee-starter,normal,3,65,30
10160,pikachu-world-cap,electric,4,60,62
10161,meowth-galar,steel,4,75,76
10162,ponyta-galar,psychic,8,240,45
10163,rapidash-galar,"psychic,fairy",17,800,55
10164,slowpoke-galar,psychic,12,360,78
10165,slowbro-galar,"poison,psychic",16,705,107
10166,farfetchd-galar,fighting,8,420,50
10167,weezing-galar,"poison,fairy",30,160,71
10168,mr-mime-galar,"ice,psychic",14,568,89
10169,articuno-galar,"psychic,flying",17,509,58
10170,zapdos-galar,"fighting,flying",16,582,62
10171,moltres-galar,"dark,flying",20,660,54
10172,slowking-galar,"poison,psychic",18,795,108
10173,corsola-galar,ghost,6,5,67
10174,zigzagoon-galar,"dark,normal",4,175,56
10175,linoone-galar,"dark,normal",5,325,63
10176,darumaka-galar,ice,7,400,57
10177,darmanitan-galar-standard,ice,17,1200,66
10178,darmanitan-galar-zen,"ice,fire",17,1200,66
10179,yamask-galar,"ground,ghost",5,15,50
10180,stunfisk-galar,"ground,steel",7,205,57
10181,zygarde-10,"dragon,ground",12,335,67
10182,cramorant-gulping,"flying,water",8,180,51
10183,cramorant-gorging,"flying,water",8,180,51
10184,toxtricity-low-key,"electric,poison",16,400,81
10185,eiscue-noice,ice,14,890,55
10186,indeedee-female,"psychic,normal",9,280,58
10187,morpeko-hangry,"electric,dark",3,30,74
10188,zacian-crowned,"fairy,steel",28,3550,63
10189,zamazenta-crowned,"fighting,steel",29,7850,68
10190,eternatus-eternamax,"poison,dragon",1000,0,43
10191,urshifu-rapid-strike,"fighting,water",19,1050,72
10192,zarude-dada,"dark,grass",18,700,80
10193,calyrex-ice,"psychic,ice",24,8091,104
10194,calyrex-shadow,"psychic,ghost",24,536,94
10195,venusaur-gmax,"grass,poison",240,10000,0
10196,charizard-gmax,"fire,flying",280,10000,0
10197,blastoise-gmax,water,250,10000,0
10198,butterfree-gmax,"bug,flying",170,10000,0
10199,pikachu-gmax,electric,210,10000,0
10200,meowth-gmax,normal,330,10000,0
10201,machamp-gmax,fighting,250,10000,0
10202,gengar-gmax,"ghost,poison",200,10000,0
10203,kingler-gmax,water,190,10000,0
10204,lapras-gmax,"water,ice",240,10000,0
10205,eevee-gmax,normal,180,10000,0
10206,snorlax-gmax,normal,350,10000,0
10207,garbodor-gmax,poison,210,10000,0
10208,melmetal-gmax,steel,250,10000,0
10209,rillaboom-gmax,grass,280,10000,0
10210,cinderace-gmax,fire,270,10000,0
10211,inteleon-gmax,water,400,10000,0
10212,corviknight-gmax,"flying,steel",140,10000,0
10213,orbeetle-gmax,"bug,psychic",140,10000,0
10214,drednaw-gmax,"water,rock",240,10000,0
10215,coalossal-gmax,"rock,fire",420,10000,0
10216,flapple-gmax,"grass,dragon",240,10000,0
10217,appletun-gmax,"grass,dragon",240,10000,0
10218,sandaconda-gmax,ground,220,10000,0
10219,toxtricity-amped-gmax,"electric,poison",240,10000,0
10220,centiskorch-gmax,"fire,bug",750,10000,0
10221,hatterene-gmax,"psychic,fairy",260,10000,0
10222,grimmsnarl-gmax,"dark,fairy",320,10000,0
10223,alcremie-gmax,fairy,300,10000,0
10224,copperajah-gmax,steel,230,10000,0
10225,duraludon-gmax,"steel,dragon",430,10000,0
10226,urshifu-single-strike-gmax,"fighting,dark",290,10000,0
10227,urshifu-rapid-strike-gmax,"fighting,water",260,10000,0
10228,toxtricity-low-key-gmax,"electric,poison",240,10000,0
10229,growlithe-hisui,"fire,rock",8,227,61
10230,arcanine-hisui,"fire,rock",20,1680,68
10231,voltorb-hisui,"electric,grass",5,130,50
10232,electrode-hisui,"electric,grass",12,710,53
10233,typhlosion-hisui,"fire,ghost",16,698,74
10234,qwilfish-hisui,"dark,poison",5,39,69
10235,sneasel-hisui,"fighting,poison",9,270,68
10236,samurott-hisui,"water,dark",15,582,66
10237,lilligant-hisui,"grass,fighting",12,192,70
10238,zorua-hisui,"normal,ghost",7,125,58
10239,zoroark-hisui,"normal,ghost",16,730,72
10240,braviary-hisui,"psychic,flying",17,434,75
10241,sliggoo-hisui,"steel,dragon",7,685,47
10242,goodra-hisui,"steel,dragon",17,3341,69
10243,avalugg-hisui,"ice,rock",14,2624,58
10244,decidueye-hisui,"grass,fighting",16,370,74
10245,dialga-origin,"steel,dragon",70,8487,59
10246,palkia-origin,"water,dragon",63,6590,63
10247,basculin-white-striped,water,10,180,47
10248,basculegion-female,"water,ghost",30,1100,53
10249,enamorus-therian,"fairy,flying",16,480,51
